<?xml version="1.0" encoding="UTF-8"?>
<!DOCTYPE mapper PUBLIC "-//mybatis.org//DTD Mapper 3.0//EN" "http://mybatis.org/dtd/mybatis-3-mapper.dtd">
<mapper namespace="Shares_orderMapper">
	
	<!--表名 -->
	<sql id="tableName">
		FT_SHARES_ORDER
	</sql>
	
	<!-- 字段 -->
	<sql id="Field">
		GMT_CREATE,	
		GMT_MODIFIED,	
		PROD_NAME,	
		PRICE,	
		STATUS,	
		TYPE,	
		TOTAL,	
		REMAINDER,	
		NUMBER_CODE,	
		ORI_PRICE,	
		PHONE,	
		HE_PHONE,	
		SHARES_PROD_ID,	
		EVENT,	
		SHARES_ORDER_ID
	</sql>
	
	<!-- 字段值 -->
	<sql id="FieldValue">
		#{GMT_CREATE},	
		#{GMT_MODIFIED},	
		#{PROD_NAME},	
		#{PRICE},	
		#{STATUS},	
		#{TYPE},	
		#{TOTAL},	
		#{REMAINDER},	
		#{NUMBER_CODE},	
		#{ORI_PRICE},	
		#{PHONE},	
		#{HE_PHONE},	
		#{SHARES_PROD_ID},	
		#{EVENT},	
		#{SHARES_ORDER_ID}
	</sql>
	
	<!-- 新增-->
	<insert id="save" parameterType="pd">
		insert into 
	<include refid="tableName"></include>
		(
	<include refid="Field"></include>
		) values (
	<include refid="FieldValue"></include>
		)
	</insert>
	
	<!-- 删除-->
	<delete id="delete" parameterType="pd">
		delete from
		<include refid="tableName"></include>
		where 
			SHARES_ORDER_ID = #{SHARES_ORDER_ID}
	</delete>
	
	<!-- 修改 -->
	<update id="edit" parameterType="pd">
		update
		<include refid="tableName"></include>
		set 
			GMT_CREATE = #{GMT_CREATE},
			GMT_MODIFIED = #{GMT_MODIFIED},
			PROD_NAME = #{PROD_NAME},
			PRICE = #{PRICE},
			STATUS = #{STATUS},
			TOTAL = #{TOTAL},
			REMAINDER = #{REMAINDER},
			NUMBER_CODE = #{NUMBER_CODE},
		SHARES_ORDER_ID = SHARES_ORDER_ID
		where 
		SHARES_ORDER_ID = #{SHARES_ORDER_ID}
	</update>
	
	<!-- 通过ID获取数据 -->
	<select id="findById" parameterType="pd" resultType="pd">
		select 
		<include refid="Field"></include>
		from 
		<include refid="tableName"></include>
		where 
			SHARES_ORDER_ID = #{SHARES_ORDER_ID}
	</select>
	
	<!-- 列表 -->
	<select id="datalistPage" parameterType="page" resultType="pd">
		select
		<include refid="Field"></include>
		from 
		<include refid="tableName"></include>
		where 1=1
		<if test="pd.keywords!= null and pd.keywords != ''"><!-- 关键词检索 -->
			and
				(
				<!--	根据需求自己加检索条件
					字段1 LIKE '%'+ #{pd.keywords}+'%'
					 or 
					字段2 LIKE '%'+ #{pd.keywords}+'%' 
				-->
				)
		</if>
	</select>
	
	<!-- 列表(全部) -->
	<select id="listAll" parameterType="pd" resultType="pd">
		select
		<include refid="Field"></include>
		from 
		<include refid="tableName"></include>
	</select>
	
	<!-- 批量删除 -->
	<delete id="deleteAll" parameterType="String">
		delete from
		<include refid="tableName"></include>
		where 
			SHARES_ORDER_ID in
		<foreach item="item" index="index" collection="array" open="(" separator="," close=")">
                 #{item}
		</foreach>
	</delete>
	
	<!-- fh313596790qq(青苔) -->
</mapper>